{
  "dataset": "diabetes",
  "mae": 44.415449438202245,
  "rmse": 54.594335357158506,
  "r2": 0.43743750753753097,
  "n_samples": 442
}