{
  "dataset": "housing",
  "mae": 28149.677725434933,
  "rmse": 35736.444144365996,
  "r2": 0.8679595648689115,
  "n_samples": 2000
}